setting,feature_set,classifier,accuracy,f1_macro,train_time_s
Raw I-V + RF,raw_iv_curve,RF,0.9129166666666667,0.9125997387398966,0.39341115951538086
I-V Features + RF,iv_features,RF,0.7991666666666667,0.7973318199684954,0.1896657943725586
PINN Params + RF,pinn_params,RF,0.9675,0.9675192057034847,0.16871356964111328
PINN Params + I-V Features + RF,pinn_iv_fused,PINN-RF,0.9695833333333334,0.9695800468157859,0.34699583053588867
PINN Params + I-V Features + SVM,pinn_iv_fused,SVM,0.9704166666666667,0.9704203528589547,0.2823944091796875
