method,accuracy_mean,accuracy_std,f1_macro_mean,f1_macro_std
KNN,0.7884666666666666,0.007236617597970696,0.7863814948021391,0.007427566233953386
MLP,0.9443666666666667,0.007802651199479628,0.9444302281960028,0.007792649523276349
PINN-RF,0.96485,0.0036658774403145853,0.9648850596789822,0.0036535944702183604
RF,0.9148666666666666,0.006151680363632069,0.9144371312268169,0.006214544977327244
SVM,0.9592333333333333,0.004017611691503274,0.959212631716614,0.004038008960744916
