method,accuracy_mean,accuracy_std,f1_macro_mean,f1_macro_std
KNN,0.7834333333333333,0.007251157315036513,0.781186740870869,0.00732888276902915
MLP,0.9305833333333333,0.011014773328647373,0.9306883898335419,0.010990593643083772
PINN-RF,0.9537666666666667,0.003495367304389157,0.9537641535433622,0.0034886620257840086
RF,0.9029,0.007298092406771636,0.9020725388091694,0.0075033079382029145
SVM,0.9459000000000001,0.004589137738746278,0.9458447242495174,0.004616094627844732
