feature,importance
Rsh,0.3070644219657025
Rs,0.26329146744737736
n,0.21575997791642934
I0,0.19491522383804818
Iph,0.01896890883244263
