feature,importance
n,0.3270008341873173
Rsh,0.3085768938661525
Rs,0.22955003573020727
I0,0.11477436122774397
Iph,0.020097874988578873
